account01,g4acrtbfrz7j.com,hnztcx.com
account02,l6xkhiwimf7g.com,hnztcx.com
account03,x1dthmclgi8o.com,hnztcx.com
account04,w9qdogdjlv0d.com,hnztcx.com
account05,z4kngpqoyq5o.com,hnztcx.com
account06,s3tslgkjsw6g.com,hnztcx.com
account07,f0kxrhguzj6y.com,hnztcx.com
account08,a4afdafcac1d.com,hnztcx.com
account09,u4defwdxps5v.com,hnztcx.com
account10,i1jtgwqkfl0l.com,hnztcx.com
account11,c1kfxtubbb3n.com,hnztcx.com
account12,u3jfgqydnp4o.com,hnztcx.com
account13,z8iprargda7k.com,hnztcx.com
account14,g4acrtbfrz7j.com,hnztcx.com
